[
  {
    "connectionId": "61f3be6dcf56766e38cfff84",
    "connectionName": "Prod Name 1",
    "dataSource": "Kafka",
    "dataSourceId": 4,
    "serverName": "Bitnami",
    "targetLocation": "/input_data/FTP_folder",
    "port": 8080,
    "url": "192.168.0.1",
    "retries": 7,
    "timeout": 45,
    "password": "fugiat",
    "username": "Sandoval_Cash"
  },
  {
    "connectionId": "61f3be6d89f29b1ed35bd8da",
    "connectionName": "Prod Name 2",
    "dataSource": "HDFS",
    "dataSourceId": 2,
    "serverName": "Oracle WebLogic",
    "targetLocation": "/input_data/FTP_folder",
    "port": 8080,
    "url": "192.168.0.1",
    "retries": 7,
    "timeout": 34,
    "password": "velit",
    "username": "Carissa_Kelley"
  },
  {
    "connectionId": "61f3be6d05d130e43dbf1fae",
    "connectionName": "Prod Name 3",
    "dataSource": "HDFS",
    "dataSourceId": 2,
    "serverName": "NGINX",
    "targetLocation": "/input_data/FTP_folder",
    "port": 4200,
    "url": "192.168.0.1",
    "retries": 5,
    "timeout": 50,
    "password": "duis",
    "username": "Morgan_Ball"
  },
  {
    "connectionId": "61f3be6dd13102d4553dcbaa",
    "connectionName": "Prod Name 4",
    "dataSource": "FTP",
    "dataSourceId": 1,
    "serverName": "Bitnami",
    "targetLocation": "/input_data/FTP_folder",
    "port": 3000,
    "url": "44.168.0.111",
    "retries": 1,
    "timeout": 25,
    "password": "irure",
    "username": "Mayra_Simpson"
  },
  {
    "connectionId": "61f3be6d9d6ba5157dd7a321",
    "connectionName": "Prod Name 5",
    "dataSource": "HDFS",
    "dataSourceId": 2,
    "serverName": "Bitnami",
    "targetLocation": "/input_data/FTP_folder",
    "port": 3000,
    "url": "44.168.0.111",
    "retries": 3,
    "timeout": 44,
    "password": "non",
    "username": "Adela_Velez"
  },
  {
    "connectionId": "61f3be6d296d02791d2c5de3",
    "connectionName": "Prod Name 6",
    "dataSource": "FTP",
    "dataSourceId": 1,
    "serverName": "Bitnami",
    "targetLocation": "/input_data/FTP_folder",
    "port": 4200,
    "url": "192.168.0.1",
    "retries": 4,
    "timeout": 48,
    "password": "consequat",
    "username": "Howard_Chapman"
  },
  {
    "connectionId": "61f3be6dbd4d2e09f4984331",
    "connectionName": "Prod Name 7",
    "dataSource": "Kafka",
    "dataSourceId": 4,
    "serverName": "Oracle WebLogic",
    "targetLocation": "/input_data/FTP_folder",
    "port": 5200,
    "url": "192.168.0.1",
    "retries": 3,
    "timeout": 39,
    "password": "elit",
    "username": "Ronda_Castaneda"
  },
  {
    "connectionId": "61f3be6d9d365dc0079998f5",
    "connectionName": "Prod Name 8",
    "dataSource": "Kafka",
    "dataSourceId": 4,
    "serverName": "Bitnami",
    "targetLocation": "/input_data/FTP_folder",
    "port": 8080,
    "url": "192.168.0.1",
    "retries": 1,
    "timeout": 32,
    "password": "cupidatat",
    "username": "Pitts_Pitts"
  },
  {
    "connectionId": "61f3be6dd52d1c8ab88a454e",
    "connectionName": "Prod Name 9",
    "dataSource": "HDFS",
    "dataSourceId": 2,
    "serverName": "Microsoft IIS",
    "targetLocation": "/input_data/FTP_folder",
    "port": 3000,
    "url": "44.168.0.111",
    "retries": 2,
    "timeout": 45,
    "password": "aute",
    "username": "Bray_Carpenter"
  },
  {
    "connectionId": "61f3be6d6bf89b65e07647d8",
    "connectionName": "Prod Name 10",
    "dataSource": "HDFS",
    "dataSourceId": 2,
    "serverName": "Oracle WebLogic",
    "targetLocation": "/input_data/FTP_folder",
    "port": 8080,
    "url": "192.168.0.1",
    "retries": 10,
    "timeout": 45,
    "password": "sunt",
    "username": "Jenifer_Beach"
  },
  {
    "connectionId": "61f3be6df2724f577c971a19",
    "connectionName": "Prod Name 11",
    "dataSource": "AWS F3",
    "dataSourceId": 3,
    "serverName": "NGINX",
    "targetLocation": "/input_data/FTP_folder",
    "port": 3000,
    "url": "192.168.0.1",
    "retries": 9,
    "timeout": 16,
    "password": "velit",
    "username": "Elsa_Webb"
  },
  {
    "connectionId": "61f3be6d35aab76bcd04d914",
    "connectionName": "Prod Name 12",
    "dataSource": "HDFS",
    "dataSourceId": 2,
    "serverName": "NGINX",
    "targetLocation": "/input_data/FTP_folder",
    "port": 8080,
    "url": "44.168.0.111",
    "retries": 3,
    "timeout": 42,
    "password": "irure",
    "username": "Shelley_Pickett"
  },
  {
    "connectionId": "61f3be6d19d1ca8e2686312a",
    "connectionName": "Prod Name 13",
    "dataSource": "HDFS",
    "dataSourceId": 2,
    "serverName": "NGINX",
    "targetLocation": "/input_data/FTP_folder",
    "port": 4200,
    "url": "192.168.0.1",
    "retries": 5,
    "timeout": 36,
    "password": "nostrud",
    "username": "Ernestine_Howe"
  },
  {
    "connectionId": "61f3be6df53b291bad78ea1a",
    "connectionName": "Prod Name 14",
    "dataSource": "FTP",
    "dataSourceId": 1,
    "serverName": "Bitnami",
    "targetLocation": "/input_data/FTP_folder",
    "port": 3000,
    "url": "192.168.0.1",
    "retries": 9,
    "timeout": 30,
    "password": "dolor",
    "username": "Georgina_Armstrong"
  },
  {
    "connectionId": "61f3be6de6620989747e545f",
    "connectionName": "Prod Name 15",
    "dataSource": "FTP",
    "dataSourceId": 1,
    "serverName": "Microsoft IIS",
    "targetLocation": "/input_data/FTP_folder",
    "port": 4200,
    "url": "192.168.0.1",
    "retries": 8,
    "timeout": 38,
    "password": "veniam",
    "username": "Warner_Carver"
  },
  {
    "connectionId": "61f3be6dacbfaa5108f8c01b",
    "connectionName": "Prod Name 16",
    "dataSource": "AWS F3",
    "dataSourceId": 3,
    "serverName": "Bitnami",
    "targetLocation": "/input_data/FTP_folder",
    "port": 8080,
    "url": "44.168.0.111",
    "retries": 3,
    "timeout": 32,
    "password": "culpa",
    "username": "Dillon_Hewitt"
  },
  {
    "connectionId": "61f3be6d1f03cdec7d833073",
    "connectionName": "Prod Name 17",
    "dataSource": "AWS F3",
    "dataSourceId": 3,
    "serverName": "NGINX",
    "targetLocation": "/input_data/FTP_folder",
    "port": 8080,
    "url": "192.168.0.1",
    "retries": 3,
    "timeout": 39,
    "password": "aute",
    "username": "Horn_Hensley"
  },
  {
    "connectionId": "61f3be6dae81d0edf5d35213",
    "connectionName": "Prod Name 18",
    "dataSource": "FTP",
    "dataSourceId": 1,
    "serverName": "Microsoft IIS",
    "targetLocation": "/input_data/FTP_folder",
    "port": 5200,
    "url": "192.168.0.1",
    "retries": 2,
    "timeout": 43,
    "password": "aliquip",
    "username": "Margaret_Long"
  },
  {
    "connectionId": "61f3be6d9da1858aec7bfb18",
    "connectionName": "Prod Name 19",
    "dataSource": "Kafka",
    "dataSourceId": 4,
    "serverName": "Microsoft IIS",
    "targetLocation": "/input_data/FTP_folder",
    "port": 3000,
    "url": "192.168.0.1",
    "retries": 8,
    "timeout": 43,
    "password": "reprehenderit",
    "username": "Keisha_Kemp"
  },
  {
    "connectionId": "61f3be6d578fe8e2a20da57b",
    "connectionName": "Prod Name 20",
    "dataSource": "AWS F3",
    "dataSourceId": 3,
    "serverName": "NGINX",
    "targetLocation": "/input_data/FTP_folder",
    "port": 5200,
    "url": "192.168.0.1",
    "retries": 9,
    "timeout": 23,
    "password": "enim",
    "username": "Nichole_Mitchell"
  },
  {
    "connectionId": "61f3be6d1695a606d7d40cf9",
    "connectionName": "Prod Name 21",
    "dataSource": "FTP",
    "dataSourceId": 1,
    "serverName": "Microsoft IIS",
    "targetLocation": "/input_data/FTP_folder",
    "port": 4200,
    "url": "44.168.0.111",
    "retries": 5,
    "timeout": 48,
    "password": "ea",
    "username": "Iva_Griffin"
  },
  {
    "connectionId": "61f3be6d496934bbfe4bf8e1",
    "connectionName": "Prod Name 22",
    "dataSource": "FTP",
    "dataSourceId": 1,
    "serverName": "Oracle WebLogic",
    "targetLocation": "/input_data/FTP_folder",
    "port": 8080,
    "url": "44.168.0.111",
    "retries": 3,
    "timeout": 36,
    "password": "tempor",
    "username": "Melody_Briggs"
  },
  {
    "connectionId": "61f3be6d0f17dbd230979247",
    "connectionName": "Prod Name 23",
    "dataSource": "AWS F3",
    "dataSourceId": 3,
    "serverName": "NGINX",
    "targetLocation": "/input_data/FTP_folder",
    "port": 8080,
    "url": "192.168.0.1",
    "retries": 6,
    "timeout": 32,
    "password": "occaecat",
    "username": "Wise_Yang"
  },
  {
    "connectionId": "61f3be6d8cd72886a8ab6d26",
    "connectionName": "Prod Name 24",
    "dataSource": "Kafka",
    "dataSourceId": 4,
    "serverName": "Microsoft IIS",
    "targetLocation": "/input_data/FTP_folder",
    "port": 8080,
    "url": "192.168.0.1",
    "retries": 5,
    "timeout": 25,
    "password": "in",
    "username": "Rosalinda_Pearson"
  },
  {
    "connectionId": "61f3be6d3a5d1926a8a2332c",
    "connectionName": "Prod Name 25",
    "dataSource": "FTP",
    "dataSourceId": 1,
    "serverName": "Bitnami",
    "targetLocation": "/input_data/FTP_folder",
    "port": 4200,
    "url": "192.168.0.1",
    "retries": 10,
    "timeout": 24,
    "password": "cillum",
    "username": "Heath_Mason"
  },
  {
    "connectionId": "61f3be6d776fb3caae55c9c8",
    "connectionName": "Prod Name 26",
    "dataSource": "FTP",
    "dataSourceId": 1,
    "serverName": "Bitnami",
    "targetLocation": "/input_data/FTP_folder",
    "port": 5200,
    "url": "192.168.0.1",
    "retries": 1,
    "timeout": 35,
    "password": "commodo",
    "username": "Ford_Jacobs"
  },
  {
    "connectionId": "61f3be6d1417b38f501dd3ba",
    "connectionName": "Prod Name 27",
    "dataSource": "AWS F3",
    "dataSourceId": 3,
    "serverName": "Microsoft IIS",
    "targetLocation": "/input_data/FTP_folder",
    "port": 8080,
    "url": "192.168.0.1",
    "retries": 3,
    "timeout": 45,
    "password": "ea",
    "username": "Kinney_Bowen"
  },
  {
    "connectionId": "61f3be6d58fff458c3c6c666",
    "connectionName": "Prod Name 28",
    "dataSource": "AWS F3",
    "dataSourceId": 3,
    "serverName": "Microsoft IIS",
    "targetLocation": "/input_data/FTP_folder",
    "port": 3000,
    "url": "192.168.0.1",
    "retries": 3,
    "timeout": 28,
    "password": "voluptate",
    "username": "Lorena_Bush"
  }
]