[
    {
      "connectionId": "61f3beadb2a5c42bad1fbfb3",
      "connectionName": "Connection Name 1",
      "dataSource": "FTP",
      "dataSourceId": 1,
      "serverName": "Bitnami",
      "sourceLocation": "/input_data/FTP_folder",
      "stagingLocation": "/fetched_data/FTP_folder",
      "port": 3000,
      "url": "44.168.0.111",
      "retries": 2,
      "timeout": 43,
      "password": "non",
      "username": "Rosemary_King"
    },
    {
      "connectionId": "61f3beadf09e4f4d5af7dc69",
      "connectionName": "Connection Name 2",
      "dataSource": "Kafka",
      "dataSourceId": 4,
      "serverName": "Microsoft IIS",
      "sourceLocation": "/input_data/FTP_folder",
      "stagingLocation": "/fetched_data/FTP_folder",
      "port": 5200,
      "url": "192.168.0.1",
      "retries": 1,
      "timeout": 22,
      "password": "ut",
      "username": "Doreen_Pace"
    },
    {
      "connectionId": "61f3beadc3412961bb8f15a0",
      "connectionName": "Connection Name 3",
      "dataSource": "Kafka",
      "dataSourceId": 4,
      "serverName": "Bitnami",
      "sourceLocation": "/input_data/FTP_folder",
      "stagingLocation": "/fetched_data/FTP_folder",
      "port": 8080,
      "url": "44.168.0.111",
      "retries": 2,
      "timeout": 12,
      "password": "excepteur",
      "username": "Brianna_Hoffman"
    },
    {
      "connectionId": "61f3beadc5b183b55b8e59cc",
      "connectionName": "Connection Name 4",
      "dataSource": "Kafka",
      "dataSourceId": 4,
      "serverName": "Bitnami",
      "sourceLocation": "/input_data/FTP_folder",
      "stagingLocation": "/fetched_data/FTP_folder",
      "port": 5200,
      "url": "192.168.0.1",
      "retries": 10,
      "timeout": 39,
      "password": "laboris",
      "username": "Allison_Sanders"
    },
    {
      "connectionId": "61f3beadb8cf4130c379f8c6",
      "connectionName": "Connection Name 5",
      "dataSource": "FTP",
      "dataSourceId": 1,
      "serverName": "Oracle WebLogic",
      "sourceLocation": "/input_data/FTP_folder",
      "stagingLocation": "/fetched_data/FTP_folder",
      "port": 4200,
      "url": "44.168.0.111",
      "retries": 7,
      "timeout": 29,
      "password": "incididunt",
      "username": "Marcella_Curtis"
    },
    {
      "connectionId": "61f3bead25bb4ebbfa6edeea",
      "connectionName": "Connection Name 6",
      "dataSource": "HDFS",
      "dataSourceId": 2,
      "serverName": "NGINX",
      "sourceLocation": "/input_data/FTP_folder",
      "stagingLocation": "/fetched_data/FTP_folder",
      "port": 4200,
      "url": "44.168.0.111",
      "retries": 3,
      "timeout": 19,
      "password": "excepteur",
      "username": "Roxie_Booth"
    },
    {
      "connectionId": "61f3bead6e1ff9d292827f35",
      "connectionName": "Connection Name 7",
      "dataSource": "Kafka",
      "dataSourceId": 4,
      "serverName": "Microsoft IIS",
      "sourceLocation": "/input_data/FTP_folder",
      "stagingLocation": "/fetched_data/FTP_folder",
      "port": 5200,
      "url": "192.168.0.1",
      "retries": 8,
      "timeout": 11,
      "password": "non",
      "username": "Mcgowan_Cash"
    },
    {
      "connectionId": "61f3beadab9601587dd5890c",
      "connectionName": "Connection Name 8",
      "dataSource": "AWS F3",
      "dataSourceId": 3,
      "serverName": "Bitnami",
      "sourceLocation": "/input_data/FTP_folder",
      "stagingLocation": "/fetched_data/FTP_folder",
      "port": 3000,
      "url": "44.168.0.111",
      "retries": 8,
      "timeout": 39,
      "password": "non",
      "username": "Peck_Hodge"
    },
    {
      "connectionId": "61f3bead64db2a166ab25f61",
      "connectionName": "Connection Name 9",
      "dataSource": "Kafka",
      "dataSourceId": 4,
      "serverName": "NGINX",
      "sourceLocation": "/input_data/FTP_folder",
      "stagingLocation": "/fetched_data/FTP_folder",
      "port": 5200,
      "url": "44.168.0.111",
      "retries": 6,
      "timeout": 27,
      "password": "sint",
      "username": "Kris_Watson"
    },
    {
      "connectionId": "61f3bead427677331f23c902",
      "connectionName": "Connection Name 10",
      "dataSource": "FTP",
      "dataSourceId": 1,
      "serverName": "NGINX",
      "sourceLocation": "/input_data/FTP_folder",
      "stagingLocation": "/fetched_data/FTP_folder",
      "port": 8080,
      "url": "192.168.0.1",
      "retries": 1,
      "timeout": 41,
      "password": "ea",
      "username": "Joyce_Hess"
    },
    {
      "connectionId": "61f3bead42f7c822d9752d66",
      "connectionName": "Connection Name 11",
      "dataSource": "HDFS",
      "dataSourceId": 2,
      "serverName": "Oracle WebLogic",
      "sourceLocation": "/input_data/FTP_folder",
      "stagingLocation": "/fetched_data/FTP_folder",
      "port": 5200,
      "url": "44.168.0.111",
      "retries": 6,
      "timeout": 42,
      "password": "culpa",
      "username": "Mcdaniel_Wiggins"
    },
    {
      "connectionId": "61f3bead218116e545e4c24e",
      "connectionName": "Connection Name 12",
      "dataSource": "Kafka",
      "dataSourceId": 4,
      "serverName": "Microsoft IIS",
      "sourceLocation": "/input_data/FTP_folder",
      "stagingLocation": "/fetched_data/FTP_folder",
      "port": 3000,
      "url": "192.168.0.1",
      "retries": 6,
      "timeout": 18,
      "password": "labore",
      "username": "Britney_Bryant"
    },
    {
      "connectionId": "61f3beadc494495e30f50596",
      "connectionName": "Connection Name 13",
      "dataSource": "FTP",
      "dataSourceId": 1,
      "serverName": "NGINX",
      "sourceLocation": "/input_data/FTP_folder",
      "stagingLocation": "/fetched_data/FTP_folder",
      "port": 4200,
      "url": "44.168.0.111",
      "retries": 4,
      "timeout": 48,
      "password": "qui",
      "username": "Ila_Cervantes"
    },
    {
      "connectionId": "61f3bead7cc00c9f18c42c40",
      "connectionName": "Connection Name 14",
      "dataSource": "HDFS",
      "dataSourceId": 2,
      "serverName": "Bitnami",
      "sourceLocation": "/input_data/FTP_folder",
      "stagingLocation": "/fetched_data/FTP_folder",
      "port": 3000,
      "url": "192.168.0.1",
      "retries": 1,
      "timeout": 25,
      "password": "adipisicing",
      "username": "Bradford_Holden"
    },
    {
      "connectionId": "61f3bead4cd16d789db64608",
      "connectionName": "Connection Name 15",
      "dataSource": "HDFS",
      "dataSourceId": 2,
      "serverName": "NGINX",
      "sourceLocation": "/input_data/FTP_folder",
      "stagingLocation": "/fetched_data/FTP_folder",
      "port": 4200,
      "url": "192.168.0.1",
      "retries": 9,
      "timeout": 17,
      "password": "deserunt",
      "username": "Horton_Sheppard"
    },
    {
      "connectionId": "61f3bead5f55ae789eda4e3b",
      "connectionName": "Connection Name 16",
      "dataSource": "FTP",
      "dataSourceId": 1,
      "serverName": "NGINX",
      "sourceLocation": "/input_data/FTP_folder",
      "stagingLocation": "/fetched_data/FTP_folder",
      "port": 4200,
      "url": "44.168.0.111",
      "retries": 4,
      "timeout": 35,
      "password": "pariatur",
      "username": "Ines_Ratliff"
    },
    {
      "connectionId": "61f3bead304bb38e43115d8c",
      "connectionName": "Connection Name 17",
      "dataSource": "AWS F3",
      "dataSourceId": 3,
      "serverName": "NGINX",
      "sourceLocation": "/input_data/FTP_folder",
      "stagingLocation": "/fetched_data/FTP_folder",
      "port": 5200,
      "url": "44.168.0.111",
      "retries": 6,
      "timeout": 33,
      "password": "ipsum",
      "username": "Stark_Adkins"
    },
    {
      "connectionId": "61f3beada9d897a962321976",
      "connectionName": "Connection Name 18",
      "dataSource": "Kafka",
      "dataSourceId": 4,
      "serverName": "Oracle WebLogic",
      "sourceLocation": "/input_data/FTP_folder",
      "stagingLocation": "/fetched_data/FTP_folder",
      "port": 3000,
      "url": "192.168.0.1",
      "retries": 3,
      "timeout": 20,
      "password": "nostrud",
      "username": "Mueller_Kirkland"
    },
    {
      "connectionId": "61f3beade626cf3fbf97d207",
      "connectionName": "Connection Name 19",
      "dataSource": "FTP",
      "dataSourceId": 1,
      "serverName": "NGINX",
      "sourceLocation": "/input_data/FTP_folder",
      "stagingLocation": "/fetched_data/FTP_folder",
      "port": 5200,
      "url": "44.168.0.111",
      "retries": 10,
      "timeout": 16,
      "password": "pariatur",
      "username": "Nancy_Levy"
    },
    {
      "connectionId": "61f3bead20dc496bb1e26a90",
      "connectionName": "Connection Name 20",
      "dataSource": "AWS F3",
      "dataSourceId": 3,
      "serverName": "Oracle WebLogic",
      "sourceLocation": "/input_data/FTP_folder",
      "stagingLocation": "/fetched_data/FTP_folder",
      "port": 4200,
      "url": "44.168.0.111",
      "retries": 6,
      "timeout": 20,
      "password": "nisi",
      "username": "Randi_Harrell"
    },
    {
      "connectionId": "61f3beade526da2a3004764d",
      "connectionName": "Connection Name 21",
      "dataSource": "Kafka",
      "dataSourceId": 4,
      "serverName": "Microsoft IIS",
      "sourceLocation": "/input_data/FTP_folder",
      "stagingLocation": "/fetched_data/FTP_folder",
      "port": 4200,
      "url": "44.168.0.111",
      "retries": 7,
      "timeout": 49,
      "password": "incididunt",
      "username": "Wagner_Russell"
    },
    {
      "connectionId": "61f3bead7eb5545c80558656",
      "connectionName": "Connection Name 22",
      "dataSource": "Kafka",
      "dataSourceId": 4,
      "serverName": "Oracle WebLogic",
      "sourceLocation": "/input_data/FTP_folder",
      "stagingLocation": "/fetched_data/FTP_folder",
      "port": 3000,
      "url": "44.168.0.111",
      "retries": 7,
      "timeout": 18,
      "password": "dolor",
      "username": "Monique_Lara"
    },
    {
      "connectionId": "61f3bead99a6f22909dfcb65",
      "connectionName": "Connection Name 23",
      "dataSource": "AWS F3",
      "dataSourceId": 3,
      "serverName": "Bitnami",
      "sourceLocation": "/input_data/FTP_folder",
      "stagingLocation": "/fetched_data/FTP_folder",
      "port": 4200,
      "url": "44.168.0.111",
      "retries": 9,
      "timeout": 30,
      "password": "ipsum",
      "username": "Shauna_Garner"
    },
    {
      "connectionId": "61f3beade9a1be132847e15a",
      "connectionName": "Connection Name 24",
      "dataSource": "Kafka",
      "dataSourceId": 4,
      "serverName": "Oracle WebLogic",
      "sourceLocation": "/input_data/FTP_folder",
      "stagingLocation": "/fetched_data/FTP_folder",
      "port": 5200,
      "url": "192.168.0.1",
      "retries": 8,
      "timeout": 20,
      "password": "incididunt",
      "username": "Gay_Blair"
    },
    {
      "connectionId": "61f3bead02d367795ae4d334",
      "connectionName": "Connection Name 25",
      "dataSource": "Kafka",
      "dataSourceId": 4,
      "serverName": "Bitnami",
      "sourceLocation": "/input_data/FTP_folder",
      "stagingLocation": "/fetched_data/FTP_folder",
      "port": 4200,
      "url": "44.168.0.111",
      "retries": 7,
      "timeout": 31,
      "password": "incididunt",
      "username": "Rochelle_Bowen"
    },
    {
      "connectionId": "61f3beaddd52083c62879f67",
      "connectionName": "Connection Name 26",
      "dataSource": "Kafka",
      "dataSourceId": 4,
      "serverName": "Bitnami",
      "sourceLocation": "/input_data/FTP_folder",
      "stagingLocation": "/fetched_data/FTP_folder",
      "port": 8080,
      "url": "192.168.0.1",
      "retries": 8,
      "timeout": 50,
      "password": "ad",
      "username": "Jenkins_Allen"
    },
    {
      "connectionId": "61f3beade122b9752509d8a0",
      "connectionName": "Connection Name 27",
      "dataSource": "HDFS",
      "dataSourceId": 2,
      "serverName": "Microsoft IIS",
      "sourceLocation": "/input_data/FTP_folder",
      "stagingLocation": "/fetched_data/FTP_folder",
      "port": 3000,
      "url": "44.168.0.111",
      "retries": 1,
      "timeout": 23,
      "password": "velit",
      "username": "Farrell_Hopper"
    },
    {
      "connectionId": "61f3beadb9344dfb893c8de5",
      "connectionName": "Connection Name 28",
      "dataSource": "Kafka",
      "dataSourceId": 4,
      "serverName": "NGINX",
      "sourceLocation": "/input_data/FTP_folder",
      "stagingLocation": "/fetched_data/FTP_folder",
      "port": 8080,
      "url": "44.168.0.111",
      "retries": 5,
      "timeout": 32,
      "password": "dolore",
      "username": "Gordon_Morrow"
    },
    {
      "connectionId": "61f3bead8ff947e61a45f506",
      "connectionName": "Connection Name 29",
      "dataSource": "FTP",
      "dataSourceId": 1,
      "serverName": "Oracle WebLogic",
      "sourceLocation": "/input_data/FTP_folder",
      "stagingLocation": "/fetched_data/FTP_folder",
      "port": 5200,
      "url": "44.168.0.111",
      "retries": 5,
      "timeout": 20,
      "password": "incididunt",
      "username": "Kara_Hubbard"
    },
    {
      "connectionId": "61f3bead09255cad03578e26",
      "connectionName": "Connection Name 30",
      "dataSource": "AWS F3",
      "dataSourceId": 3,
      "serverName": "Bitnami",
      "sourceLocation": "/input_data/FTP_folder",
      "stagingLocation": "/fetched_data/FTP_folder",
      "port": 3000,
      "url": "44.168.0.111",
      "retries": 2,
      "timeout": 37,
      "password": "nulla",
      "username": "Griffith_Bender"
    },
    {
      "connectionId": "61f3beadc5d9b37e92181570",
      "connectionName": "Connection Name 31",
      "dataSource": "Kafka",
      "dataSourceId": 4,
      "serverName": "Microsoft IIS",
      "sourceLocation": "/input_data/FTP_folder",
      "stagingLocation": "/fetched_data/FTP_folder",
      "port": 4200,
      "url": "44.168.0.111",
      "retries": 4,
      "timeout": 16,
      "password": "proident",
      "username": "Gonzales_Pollard"
    },
    {
      "connectionId": "61f3bead43919d7f3355ca55",
      "connectionName": "Connection Name 32",
      "dataSource": "FTP",
      "dataSourceId": 1,
      "serverName": "NGINX",
      "sourceLocation": "/input_data/FTP_folder",
      "stagingLocation": "/fetched_data/FTP_folder",
      "port": 8080,
      "url": "192.168.0.1",
      "retries": 6,
      "timeout": 19,
      "password": "nulla",
      "username": "Judith_Mcknight"
    },
    {
      "connectionId": "61f3bead7b988a84ef4c1e54",
      "connectionName": "Connection Name 33",
      "dataSource": "AWS F3",
      "dataSourceId": 3,
      "serverName": "Bitnami",
      "sourceLocation": "/input_data/FTP_folder",
      "stagingLocation": "/fetched_data/FTP_folder",
      "port": 5200,
      "url": "192.168.0.1",
      "retries": 1,
      "timeout": 44,
      "password": "anim",
      "username": "Pugh_Hurley"
    },
    {
      "connectionId": "61f3beade7d89f8a06dd49f4",
      "connectionName": "Connection Name 34",
      "dataSource": "AWS F3",
      "dataSourceId": 3,
      "serverName": "NGINX",
      "sourceLocation": "/input_data/FTP_folder",
      "stagingLocation": "/fetched_data/FTP_folder",
      "port": 4200,
      "url": "44.168.0.111",
      "retries": 3,
      "timeout": 20,
      "password": "tempor",
      "username": "Megan_Weaver"
    },
    {
      "connectionId": "61f3beadcfde7edfaaa34758",
      "connectionName": "Connection Name 35",
      "dataSource": "Kafka",
      "dataSourceId": 4,
      "serverName": "Microsoft IIS",
      "sourceLocation": "/input_data/FTP_folder",
      "stagingLocation": "/fetched_data/FTP_folder",
      "port": 8080,
      "url": "44.168.0.111",
      "retries": 4,
      "timeout": 21,
      "password": "ut",
      "username": "Bowers_Hunt"
    },
    {
      "connectionId": "61f3beadbcd9d77917369791",
      "connectionName": "Connection Name 36",
      "dataSource": "AWS F3",
      "dataSourceId": 3,
      "serverName": "Oracle WebLogic",
      "sourceLocation": "/input_data/FTP_folder",
      "stagingLocation": "/fetched_data/FTP_folder",
      "port": 3000,
      "url": "44.168.0.111",
      "retries": 2,
      "timeout": 40,
      "password": "officia",
      "username": "Hansen_Bonner"
    },
    {
      "connectionId": "61f3beadd5587220b83b497e",
      "connectionName": "Connection Name 37",
      "dataSource": "AWS F3",
      "dataSourceId": 3,
      "serverName": "Oracle WebLogic",
      "sourceLocation": "/input_data/FTP_folder",
      "stagingLocation": "/fetched_data/FTP_folder",
      "port": 8080,
      "url": "192.168.0.1",
      "retries": 9,
      "timeout": 36,
      "password": "cillum",
      "username": "Gomez_Mathis"
    },
    {
      "connectionId": "61f3beadc6ec5d866fb4040c",
      "connectionName": "Connection Name 38",
      "dataSource": "Kafka",
      "dataSourceId": 4,
      "serverName": "Bitnami",
      "sourceLocation": "/input_data/FTP_folder",
      "stagingLocation": "/fetched_data/FTP_folder",
      "port": 4200,
      "url": "192.168.0.1",
      "retries": 2,
      "timeout": 33,
      "password": "exercitation",
      "username": "Faulkner_Ryan"
    }
  ]