[
    {
      "columnId": 1,
      "columnName": "Facility Id"
    },
    {
      "columnId": 2,
      "columnName": "Patient Network"
    },
    {
      "columnId": 3,
      "columnName": "Account Type"
    },
    {
      "columnId": 4,
      "columnName": "Admit Date"
    },
    {
      "columnId": 5,
      "columnName": "Column Name 5"
    },
    {
      "columnId": 6,
      "columnName": "Column Name 6"
    },
    {
      "columnId": 7,
      "columnName": "Column Name 7"
    },
    {
      "columnId": 8,
      "columnName": "Column Name 8"
    },
    {
      "columnId": 9,
      "columnName": "Column Name 9"
    },
    {
      "columnId": 10,
      "columnName": "Column Name 10"
    },
    {
      "columnId": 11,
      "columnName": "Column Name 11"
    },
    {
      "columnId": 12,
      "columnName": "Column Name 12"
    },
    {
      "columnId": 13,
      "columnName": "Column Name 13"
    },
    {
      "columnId": 14,
      "columnName": "Column Name 14"
    },
    {
      "columnId": 15,
      "columnName": "Column Name 15"
    },
    {
      "columnId": 16,
      "columnName": "Column Name 16"
    },
    {
      "columnId": 17,
      "columnName": "Column Name 17"
    },
    {
      "columnId": 18,
      "columnName": "Column Name 18"
    },
    {
      "columnId": 19,
      "columnName": "Column Name 19"
    },
    {
      "columnId": 20,
      "columnName": "Column Name 20"
    },
    {
      "columnId": 21,
      "columnName": "Column Name 21"
    }
  ]