[
    {
      "industryId": 1,
      "industryName": "HealthCare"
    },
    {
      "industryId": 2,
      "industryName": "Procurement"
    },
    {
      "industryId": 3,
      "industryName": "Technology"
    },
    {
      "industryId": 4,
      "industryName": "Industry 4"
    },
    {
      "industryId": 5,
      "industryName": "Industry 5"
    },
    {
      "industryId": 6,
      "industryName": "Industry 6"
    },
    {
      "industryId": 7,
      "industryName": "Industry 7"
    },
    {
      "industryId": 8,
      "industryName": "Industry 8"
    },
    {
      "industryId": 9,
      "industryName": "Industry 9"
    },
    {
      "industryId": 10,
      "industryName": "Industry 10"
    },
    {
      "industryId": 11,
      "industryName": "Industry 11"
    },
    {
      "industryId": 12,
      "industryName": "Industry 12"
    },
    {
      "industryId": 13,
      "industryName": "Industry 13"
    },
    {
      "industryId": 14,
      "industryName": "Industry 14"
    },
    {
      "industryId": 15,
      "industryName": "Industry 15"
    }
  ]