[
  {
    "jobId": 1,
    "jobName": "Job Name 001",
    "jobType": "One Time",
    "schedule": null,
    "lastModifiedBy": "Fanny Conner",
    "lastModifiedOn": "Sat Jul 10 2021 20:31:40 GMT+0530 (India Standard Time)"
  },
  {
    "jobId": 2,
    "jobName": "Job Name 002",
    "jobType": "One Time",
    "schedule": null,
    "lastModifiedBy": "Lessa Griffin",
    "lastModifiedOn": "Wed Nov 24 2021 09:20:13 GMT+0530 (India Standard Time)"
  },
  {
    "jobId": 3,
    "jobName": "Job Name 003",
    "jobType": "Recurring",
    "schedule": "0 0 13 */1 * *",
    "lastModifiedBy": "Lessa Griffin",
    "lastModifiedOn": "Tue Jun 15 2021 08:03:22 GMT+0530 (India Standard Time)"
  },
  {
    "jobId": 4,
    "jobName": "Job Name 004",
    "jobType": "One Time",
    "schedule": null,
    "lastModifiedBy": "Lessa Griffin",
    "lastModifiedOn": "Wed May 05 2021 06:16:54 GMT+0530 (India Standard Time)"
  },
  {
    "jobId": 5,
    "jobName": "Job Name 005",
    "jobType": "One Time",
    "schedule": null,
    "lastModifiedBy": "Shad Perry",
    "lastModifiedOn": "Thu Dec 09 2021 14:08:28 GMT+0530 (India Standard Time)"
  },
  {
    "jobId": 6,
    "jobName": "Job Name 006",
    "jobType": "One Time",
    "schedule": null,
    "lastModifiedBy": "Fanny Conner",
    "lastModifiedOn": "Mon Sep 20 2021 20:11:39 GMT+0530 (India Standard Time)"
  },
  {
    "jobId": 7,
    "jobName": "Job Name 007",
    "jobType": "One Time",
    "schedule": null,
    "lastModifiedBy": "Fanny Conner",
    "lastModifiedOn": "Sat May 15 2021 05:11:01 GMT+0530 (India Standard Time)"
  },
  {
    "jobId": 8,
    "jobName": "Job Name 008",
    "jobType": "One Time",
    "schedule": null,
    "lastModifiedBy": "Shad Perry",
    "lastModifiedOn": "Sun Oct 17 2021 17:13:09 GMT+0530 (India Standard Time)"
  },
  {
    "jobId": 9,
    "jobName": "Job Name 009",
    "jobType": "Recurring",
    "schedule": "0 0 01 15 * *",
    "lastModifiedBy": "Fanny Conner",
    "lastModifiedOn": "Sun May 30 2021 20:33:00 GMT+0530 (India Standard Time)"
  },
  {
    "jobId": 10,
    "jobName": "Job Name 0010",
    "jobType": "One Time",
    "schedule": null,
    "lastModifiedBy": "Shad Perry",
    "lastModifiedOn": "Thu Jan 28 2021 04:54:44 GMT+0530 (India Standard Time)"
  },
  {
    "jobId": 11,
    "jobName": "Job Name 0011",
    "jobType": "Recurring",
    "schedule": "0 0 12 * * 1-5",
    "lastModifiedBy": "Lessa Griffin",
    "lastModifiedOn": "Mon Jan 04 2021 05:03:17 GMT+0530 (India Standard Time)"
  },
  {
    "jobId": 12,
    "jobName": "Job Name 0012",
    "jobType": "Recurring",
    "schedule": "0 0 12 * * 1-5",
    "lastModifiedBy": "Fanny Conner",
    "lastModifiedOn": "Mon Dec 20 2021 12:15:11 GMT+0530 (India Standard Time)"
  },
  {
    "jobId": 13,
    "jobName": "Job Name 0013",
    "jobType": "Recurring",
    "schedule": "0 0 12 * * 1-5",
    "lastModifiedBy": "Fanny Conner",
    "lastModifiedOn": "Sun Dec 19 2021 04:05:20 GMT+0530 (India Standard Time)"
  },
  {
    "jobId": 14,
    "jobName": "Job Name 0014",
    "jobType": "One Time",
    "schedule": null,
    "lastModifiedBy": "Shad Perry",
    "lastModifiedOn": "Sun Sep 26 2021 01:14:38 GMT+0530 (India Standard Time)"
  },
  {
    "jobId": 15,
    "jobName": "Job Name 0015",
    "jobType": "One Time",
    "schedule": null,
    "lastModifiedBy": "Fanny Conner",
    "lastModifiedOn": "Wed Sep 01 2021 23:04:23 GMT+0530 (India Standard Time)"
  },
  {
    "jobId": 16,
    "jobName": "Job Name 0016",
    "jobType": "One Time",
    "schedule": null,
    "lastModifiedBy": "Lessa Griffin",
    "lastModifiedOn": "Sun Oct 03 2021 18:39:41 GMT+0530 (India Standard Time)"
  },
  {
    "jobId": 17,
    "jobName": "Job Name 0017",
    "jobType": "One Time",
    "schedule": null,
    "lastModifiedBy": "Shad Perry",
    "lastModifiedOn": "Mon Jun 14 2021 18:22:54 GMT+0530 (India Standard Time)"
  },
  {
    "jobId": 18,
    "jobName": "Job Name 0018",
    "jobType": "One Time",
    "schedule": null,
    "lastModifiedBy": "Fanny Conner",
    "lastModifiedOn": "Tue Sep 21 2021 03:51:40 GMT+0530 (India Standard Time)"
  },
  {
    "jobId": 19,
    "jobName": "Job Name 0019",
    "jobType": "One Time",
    "schedule": null,
    "lastModifiedBy": "Shad Perry",
    "lastModifiedOn": "Thu Sep 30 2021 23:10:39 GMT+0530 (India Standard Time)"
  },
  {
    "jobId": 20,
    "jobName": "Job Name 0020",
    "jobType": "Recurring",
    "schedule": "0 0 01 15 * *",
    "lastModifiedBy": "Lessa Griffin",
    "lastModifiedOn": "Fri Apr 23 2021 16:23:02 GMT+0530 (India Standard Time)"
  },
  {
    "jobId": 21,
    "jobName": "Job Name 0021",
    "jobType": "Recurring",
    "schedule": "0 0 12 * * 1-5",
    "lastModifiedBy": "Fanny Conner",
    "lastModifiedOn": "Thu Jul 22 2021 08:56:27 GMT+0530 (India Standard Time)"
  },
  {
    "jobId": 22,
    "jobName": "Job Name 0022",
    "jobType": "Recurring",
    "schedule": "0 0 12 * * 1-5",
    "lastModifiedBy": "Fanny Conner",
    "lastModifiedOn": "Tue Jul 27 2021 04:02:39 GMT+0530 (India Standard Time)"
  },
  {
    "jobId": 23,
    "jobName": "Job Name 0023",
    "jobType": "One Time",
    "schedule": null,
    "lastModifiedBy": "Fanny Conner",
    "lastModifiedOn": "Wed Jan 20 2021 08:33:19 GMT+0530 (India Standard Time)"
  },
  {
    "jobId": 24,
    "jobName": "Job Name 0024",
    "jobType": "Recurring",
    "schedule": "0 0 01 15 * *",
    "lastModifiedBy": "Fanny Conner",
    "lastModifiedOn": "Thu Apr 22 2021 05:55:18 GMT+0530 (India Standard Time)"
  },
  {
    "jobId": 25,
    "jobName": "Job Name 0025",
    "jobType": "One Time",
    "schedule": null,
    "lastModifiedBy": "Lessa Griffin",
    "lastModifiedOn": "Mon Mar 08 2021 12:23:13 GMT+0530 (India Standard Time)"
  },
  {
    "jobId": 26,
    "jobName": "Job Name 0026",
    "jobType": "Recurring",
    "schedule": "0 0 13 */1 * *",
    "lastModifiedBy": "Shad Perry",
    "lastModifiedOn": "Fri Jun 25 2021 00:52:19 GMT+0530 (India Standard Time)"
  },
  {
    "jobId": 27,
    "jobName": "Job Name 0027",
    "jobType": "One Time",
    "schedule": null,
    "lastModifiedBy": "Fanny Conner",
    "lastModifiedOn": "Mon Feb 22 2021 06:03:38 GMT+0530 (India Standard Time)"
  },
  {
    "jobId": 28,
    "jobName": "Job Name 0028",
    "jobType": "One Time",
    "schedule": null,
    "lastModifiedBy": "Lessa Griffin",
    "lastModifiedOn": "Sun Jun 06 2021 13:38:56 GMT+0530 (India Standard Time)"
  },
  {
    "jobId": 29,
    "jobName": "Job Name 0029",
    "jobType": "One Time",
    "schedule": null,
    "lastModifiedBy": "Lessa Griffin",
    "lastModifiedOn": "Tue Jul 13 2021 18:53:39 GMT+0530 (India Standard Time)"
  },
  {
    "jobId": 30,
    "jobName": "Job Name 0030",
    "jobType": "Recurring",
    "schedule": "0 0 12 * * 1-5",
    "lastModifiedBy": "Shad Perry",
    "lastModifiedOn": "Sat Jul 03 2021 01:27:54 GMT+0530 (India Standard Time)"
  },
  {
    "jobId": 31,
    "jobName": "Job Name 0031",
    "jobType": "One Time",
    "schedule": null,
    "lastModifiedBy": "Fanny Conner",
    "lastModifiedOn": "Sun Oct 03 2021 15:35:31 GMT+0530 (India Standard Time)"
  },
  {
    "jobId": 32,
    "jobName": "Job Name 0032",
    "jobType": "One Time",
    "schedule": null,
    "lastModifiedBy": "Fanny Conner",
    "lastModifiedOn": "Wed Aug 11 2021 23:19:11 GMT+0530 (India Standard Time)"
  }
]