[
    {
      "stageId": 2,
      "stageName": "Consolidate",
      "activityId": 1,
      "activityName": "Cleanse Data",
      "isActivityActive": 1,
      "isActivityMandatory": 1,
      "isCustomActivity": 0,
      "activityOrder": 1,
      "stepId": 101,
      "stepName": "Blank to NULL",
      "isStepActive": 1,
      "status": null,
      "result": null,
      "configureAction": "cleanse-data"
    },
    {
      "stageId": 2,
      "stageName": "Consolidate",
      "activityId": 1,
      "activityName": "Cleanse Data",
      "isActivityActive": 1,
      "isActivityMandatory": 1,
      "isCustomActivity": 0,
      "activityOrder": 1,
      "stepId": 102,
      "stepName": "Convert to Uppercase",
      "isStepActive": 1,
      "status": null,
      "result": null,
      "configureAction": "cleanse-data"
    },
    {
      "stageId": 2,
      "stageName": "Consolidate",
      "activityId": 1,
      "activityName": "Cleanse Data",
      "isActivityActive": 1,
      "isActivityMandatory": 1,
      "isCustomActivity": 0,
      "activityOrder": 1,
      "stepId": 103,
      "stepName": "Replace Multiple spaces with Single Space",
      "isStepActive": 1,
      "status": null,
      "result": null,
      "configureAction": "cleanse-data"
    },
    {
      "stageId": 2,
      "stageName": "Consolidate",
      "activityId": 1,
      "activityName": "Cleanse Data",
      "isActivityActive": 1,
      "isActivityMandatory": 1,
      "isCustomActivity": 0,
      "activityOrder": 1,
      "stepId": 104,
      "stepName": "Remove Unwanted Characters",
      "isStepActive": 0,
      "status": null,
      "result": null,
      "configureAction": "cleanse-data"
    },
    {
      "stageId": 2,
      "stageName": "Consolidate",
      "activityId": 1,
      "activityName": "Cleanse Data",
      "isActivityActive": 1,
      "isActivityMandatory": 1,
      "isCustomActivity": 0,
      "activityOrder": 1,
      "stepId": 105,
      "stepName": "Remove Leading zeros",
      "isStepActive": 0,
      "status": null,
      "result": null,
      "configureAction": "cleanse-data"
    },
    {
      "stageId": 2,
      "stageName": "Consolidate",
      "activityId": 2,
      "activityName": "Normalize Date Formate",
      "isActivityActive": 1,
      "isActivityMandatory": 0,
      "isCustomActivity": 0,
      "activityOrder": 2,
      "stepId": null,
      "stepName": null,
      "isStepActive": 1,
      "status": null,
      "result": null,
      "configureAction": "configure-normalize-data"
    },
    {
      "stageId": 2,
      "stageName": "Consolidate",
      "activityId": 3,
      "activityName": "Moving Staging Data Table to Consolidated Data Table",
      "isActivityActive": 1,
      "isActivityMandatory": 1,
      "isCustomActivity": 0,
      "activityOrder": 3,
      "stepId": 106,
      "stepName": "Staging_table_01 to Consolidated Data Table",
      "isStepActive": 1,
      "status": null,
      "result": null,
      "configureAction": "configure-staging-data-table"
    },
    {
      "stageId": 2,
      "stageName": "Consolidate",
      "activityId": 4,
      "activityName": "Custom Activity",
      "isActivityActive": 1,
      "isActivityMandatory": 0,
      "isCustomActivity": 1,
      "activityOrder": 4,
      "stepId": null,
      "stepName": null,
      "isStepActive": 1,
      "status": null,
      "result": null,
      "configureAction": "configure-custom-activity"
    }
  ]