[
    {
        "jobInstanceId": 1,
        "jobName": "Job Name 001",
        "industry": "Healthcare",
        "instanceNumber": 2,
        "jobType": "Recurring",
        "status": "Completed",
        "startDateTime": "Wed Jan 01 2020 19:06:12 GMT+0530 (India Standard Time)",
        "endDateTime": "Tue Apr 07 2020 22:39:48 GMT+0530 (India Standard Time)",
        "duration": "02:00"
    },
    {
        "jobInstanceId": 2,
        "jobName": "Job Name 002",
        "industry": "Procurement",
        "instanceNumber": 4,
        "jobType": "Recurring",
        "status": "Errors",
        "startDateTime": "Wed Jan 01 2020 19:06:12 GMT+0530 (India Standard Time)",
        "endDateTime": "Mon Mar 10 2020 10:00:00 GMT+0530 (India Standard Time)",
        "duration": "02:00"
    },
    {
        "jobInstanceId": 3,
        "jobName": "Job Name 003",
        "industry": "Technology",
        "instanceNumber": 5,
        "jobType": "Recurring",
        "status": "In Progress",
        "startDateTime": "Wed Jan 02 2020 19:06:12 GMT+0530 (India Standard Time)",
        "endDateTime": "-",
        "duration": "02:00"
    }
]